"Subscription Plan","Subscription Renew Date","unique id"
"","","1743547361284x291138005899707260"
"yearly","Apr 10, 2026 3:24 pm","1743547621069x279645472884266780"
"yearly","Apr 10, 2026 9:46 pm","1743549178851x847080663521240200"
"","","1744134674881x127285411168640110"
"","","1744157592334x292550965261606100"
"","","1744175271939x575064790204550460"
"","","1744260813114x505427712482621440"
"","","1744282156200x727555159743162000"
"","","1744319857648x144922844539837200"
"yearly","Aug 1, 2026 4:55 pm","1744335958024x226211831616957250"
"","","1744391553368x301043576290850300"
"","","1744397288473x909294892772270800"
"","","1744398484109x785674167096991400"
"yearly","Aug 20, 2026 11:26 pm","1744579851707x640487742075829500"
"","","1744643921578x315333816253624100"
"","","1744736810207x919925185055488400"
"","","1744737250347x219277345743008400"
"","","1744740154739x566945822952470660"
"","","1744743906400x631087870982087000"
"","","1744748222708x779656090283929300"
"","","1744751205492x235134337285239230"
"","","1744760380914x558772773612561600"
"","","1744907031541x119079844893356540"
"","","1745273541628x945470626229355500"
"","","1745528732739x896561533370513300"
"","","1745533127765x291393362647413700"
"","","1745597587022x519433479989605000"
"","","1746467711533x453074785848415400"
"","","1746548006831x128230088489826860"
"","","1746631267951x741803061642879500"
"","","1746635677548x343522492232585660"
"","","1746765568691x979794717919274100"
"","","1746827109704x963221719337950200"
"monthly","Jun 9, 2025 8:28 pm","1746843461447x686795565273950000"
"","","1746855895334x711816173120128000"
"","","1746938798847x931997689495082400"
"","","1747163465846x476237095610093000"
"","","1747165674437x491901038958021200"
"","","1747170561218x640297169073643000"
"","","1747183179554x540122160625888100"
"","","1747184079669x994211808429350800"
"","","1747185390251x665604546429507900"
"","","1747216018889x770977089491677400"
"monthly","Jun 14, 2025 5:33 am","1747221865162x703532834449508000"
"","","1747398900475x598159844147748100"
"","","1747415704843x665338483592092500"
"monthly","Jun 23, 2025 11:36 am","1747420152884x437771544876149700"
"","","1747594874125x270237571814453630"
"","","1747827548541x313848517899538500"
"","","1747848709032x210920410073364830"
"","","1747864432460x772931238395911000"
"","","1748365021326x105262688542451250"
"","","1748389292320x918627677903932400"
"","","1748581534531x956271769254002200"
"","","1749057953945x756346430245684600"
"","","1749068120323x412920063824988600"
"","","1749173974503x736079030141835600"
"","","1749580724532x760028975589297300"
"","","1749742920378x965836759111504900"
"","","1750423781412x480534435350699700"
"yearly","Aug 1, 2026 8:15 am","1750436264420x989591292213482400"
"","","1750783674403x491887953737125700"
"","","1750783679107x801419812763124500"
"","","1750784029587x963255839088365200"
"","","1750784475796x702583457937545900"
"","","1750785338983x949958887494882000"
"","","1751224250248x539537516841198200"
"","","1751319669665x621437589169731200"
"","","1751402056748x637551618886434600"
"","","1751425811600x127124815802215140"
"","","1751744301621x758526182685981300"
"","","1751749348389x952656707958261400"
"","","1752182630575x854371423894944000"
"","","1752687366861x422755081931784260"
"yearly","Aug 20, 2026 8:46 am","1752717497153x537286585580736960"
"","","1753135741395x558904608479141570"
"yearly","Jul 31, 2026 7:13 pm","1753374338412x209529915103450200"
"","","1753465897836x101289632151690960"
"","","1753909381745x872991521395046100"
"","","1753911193017x504194995643152640"
"yearly","Aug 11, 2026 12:25 pm","1753982403438x535213824960417500"
"","","1753985929691x853149258569598100"
"","","1754081360962x724252535884739300"
"","","1754084205128x675147807630683600"
"","","1754505203290x671062062407191900"
"","","1754624056001x759184470890143000"
"","","1754927931120x470668069008822300"
"","","1754941249648x796792188496967000"
"","","1754949567759x639105313824555300"
"","","1755271286521x378031808974615550"
"","","1755533063776x956164571796881400"
"","","1755621956288x571897163769246900"
"","","1757355028996x505189727810192200"
"","","1757369121056x350487849823425600"
"","","1757437593796x460281345015416640"
"","","1757438153395x416809556103947500"
"","","1757720364741x595714121363069200"
"","","1758120880051x675194275556497400"
"","","1758147388607x898014240790697700"
"","","1758312173588x895819358343598700"
"","","1758568877707x715638242996164100"
"","","1759153763139x433792388290277000"
